,3gppSub,3gppUrb,dist,logDist,okumMetro,okumRural,okumSmall,okumSub,poly3,poly6
0,-43.6827771718615,-46.6827771718615,1,-80.0871521803784,28.9797698953979,57.4258582219147,29.0341115066984,38.8824309103709,-71.067469491,-166.818667980936
1,-52.6619762021802,-55.6619762021802,2,-86.3485760901892,20.0005708650793,48.446659191596,20.0549124763797,29.9032318800522,-71.559099928,-162.780634893845
2,-57.9144709214284,-60.9144709214284,3,-90.0112742785474,14.7480761458311,43.1941644723478,14.8024177571316,24.650737160804,-72.044924257,-158.882870043737
3,-61.6411752324988,-64.6411752324988,4,-92.61,11.0213718347606,39.4674601612773,11.0757134460611,20.9240328497336,-72.524975424,-155.122375859476
4,-64.5318316699438,-67.5318316699438,5,-94.6257282705676,8.13071539731567,36.5768037238324,8.18505700861616,18.0333764122886,-72.999286375,-151.496187879938
5,-66.893669951747,-69.893669951747,6,-96.2726981883582,5.76887711551241,34.2149654420291,5.8232187268129,15.6715381304854,-73.467890056,-148.001374737513
6,-68.8905757657615,-71.8905757657615,7,-97.6651914126749,3.77197130149796,32.2180596280147,3.82631291279844,13.6746323164709,-73.930819413,-144.635038138959
7,-70.6203742628175,-73.6203742628175,8,-98.8714239098108,2.04217280444193,30.4882611309587,2.09651441574242,11.9448338194149,-74.388107392,-141.394312843592
8,-72.1461646709952,-75.1461646709952,9,-99.9353963767164,0.516382396264234,28.962470722781,0.570724007564721,10.4190434112372,-74.839786939,-138.276366638814
9,-73.5110307002624,-76.5110307002624,10,-100.887152180378,-0.848483633002999,27.5976046935137,-0.794142021702513,9.05417738196995,-75.285891,-135.278400313
10,-74.7457022073832,-77.7457022073832,11,-101.748120031669,-2.08315514012381,26.3629331863929,-2.02881352882332,7.81950587484914,-75.726452521,-132.397647625711
11,-75.8728689820657,-78.8728689820657,12,-102.534122098169,-3.21032191480625,25.2357664117105,-3.15598030350576,6.6923391001667,-76.161504448,-129.631375275264
12,-76.9097619007467,-79.9097619007467,13,-103.257173908361,-4.24721483348723,24.1988734930295,-4.19287322218675,5.65544618148572,-76.591079727,-126.976882863634
13,-77.8697747960801,-80.8697747960801,14,-103.926615322486,-5.2072277288207,23.238860597696,-5.15288611752021,4.69543328615225,-77.015211304,-124.431502858707
14,-78.7635254195106,-81.7635254195106,15,-104.549850368737,-6.10097835225119,22.3451099742655,-6.0466367409507,3.80168266272176,-77.433932125,-121.992600553875
15,-79.5995732931362,-82.5995732931362,16,-105.132847819622,-6.93702622587672,21.50906210064,-6.88268461457623,2.96563478909623,-77.847275136,-119.65757402497
16,-80.3849195524801,-83.3849195524801,17,-105.680489745046,-7.72237248522068,20.7237158412961,-7.6680308739202,2.18028852975227,-78.255273283,-117.423854084546
17,-81.1253637013139,-84.1253637013139,18,-106.196820286527,-8.46281663405443,19.9832716924623,-8.40847502275394,1.43984438091852,-78.657959512,-115.2889042335
18,-81.8257637814381,-84.8257637814381,19,-106.685227080197,-9.16321671417868,19.2828716123381,-9.10887510287819,0.73944430079427,-79.055366769,-113.250220610042
19,-82.4902297305811,-85.4902297305811,20,-107.148576090189,-9.82768266332166,18.6184056631951,-9.77334105202117,0.074978351651291,-79.447528,-111.305331936
20,-83.1222695153283,-86.1222695153283,21,-107.589313510844,-10.4597224480689,17.9863658784479,-10.4053808367684,-0.55706143309593,-79.834476151,-109.451799460477
21,-83.7249012377019,-86.7249012377019,22,-108.00954394148,-11.0623541704425,17.3837341560743,-11.008012559142,-1.15969315546952,-80.216244168,-107.687216900843
22,-84.300740301275,-87.300740301275,23,-108.411091169544,-11.6381932340156,16.8078950925011,-11.5838516227151,-1.73553221904264,-80.592864997,-106.00921038108
23,-84.8520680123844,-87.8520680123843,24,-108.79554600798,-12.1895209451249,16.2565673813918,-12.1351793338244,-2.28685993015196,-80.964371584,-104.415438367457
24,-85.380886168026,-88.380886168026,25,-109.164304360757,-12.7183391007666,15.7277492257501,-12.6639974894661,-2.81567808579365,-81.330796875,-102.903591601563
25,-85.8889609310653,-88.8889609310654,26,-109.518597818171,-13.2264138638059,15.2196744627108,-13.1720722525054,-3.32375284883295,-81.692173816,-101.471393030668
26,-86.3778584205621,-89.377858420562,27,-109.859518474885,-13.7153113533026,14.7307769732141,-13.6609697420021,-3.81265033832967,-82.048535353,-100.116597735443
27,-86.8489738263988,-89.8489738263988,28,-110.188039232297,-14.1864267591394,14.2596615673774,-14.1320851478389,-4.28376574416641,-82.399914432,-98.8369928550093
28,-87.3035554126175,-90.3035554126175,29,-110.505030536677,-14.6410083453581,13.8050799811587,-14.5866667340576,-4.73834733038511,-82.746343999,-97.63039750934
29,-87.7427244498293,-90.7427244498293,30,-110.811274278547,-15.0801773825698,13.3659109439469,-15.0258357712694,-5.17751636759689,-83.087857,-96.494662719
30,-88.1674918780956,-91.1674918780956,31,-111.107475412131,-15.5049448108362,12.9411435156805,-15.4506031995357,-5.60228379586324,-83.424486381,-95.4276713222317
31,-88.5787723234548,-91.5787723234548,32,-111.394271729432,-15.9162252561954,12.5298630703213,-15.8618836448949,-6.01356424122244,-83.756265088,-94.4273378893824
32,-88.9773959569501,-91.9773959569501,33,-111.672242129838,-16.3148488896907,12.1312394368261,-16.2605072783902,-6.41218787471771,-84.083226067,-93.4916086346762
33,-89.3641185827988,-92.3641185827988,34,-111.941913654857,-16.7015715155393,11.7445168109774,-16.6472299042389,-6.7989105005664,-84.405402264,-92.6184613253277
34,-89.7396302638437,-92.7396302638437,35,-112.203767502864,-17.0770831965843,11.3690051299324,-17.0227415852838,-7.17442218161135,-84.722826625,-91.805905188
35,-90.1045627316325,-93.1045627316325,36,-112.458244196338,-17.4420156643731,11.0040726621436,-17.3876740530726,-7.53935464940015,-85.035532096,-91.0519808126055
36,-90.4594957810073,-93.4594957810073,37,-112.705748040972,-17.7969487137478,10.6491396127689,-17.7426071024473,-7.89428769877488,-85.343551623,-90.3547600534495
37,-90.8049628117568,-93.8049628117568,38,-112.946650990008,-18.1424157444973,10.3036725820194,-18.0880741331969,-8.23975472952439,-85.646918152,-89.7123459277181
38,-91.1414556503135,-94.1414556503135,39,-113.18129600653,-18.4789085830541,9.96717974346266,-18.4245669717536,-8.57624756808113,-85.945664629,-89.1228725113079
39,-91.4694287608998,-94.4694287608998,40,-113.41,-18.8068816936403,9.63920663287641,-18.7525400823398,-8.90422067866738,-86.239824,-88.584504832
40,-91.78930293661,-94.78930293661,41,-113.633056400149,-19.1267558693506,9.31933245716616,-19.0724142580501,-9.22409485437763,-86.529429211,-88.0954387599767
41,-92.101468545647,-95.101468545647,42,-113.850737420655,-19.4389214783876,9.00716684812919,-19.3845798670871,-9.5362604634146,-86.814513208,-87.6539008956816
42,-92.4062883955349,-95.4062883955349,43,-114.063296056434,-19.7437413282755,8.70234699824125,-19.689399716975,-9.84108031330254,-87.095108937,-87.2581484550225
43,-92.7041002680206,-95.7041002680206,44,-114.270967851291,-20.0415532007611,8.4045351257556,-19.9872115894607,-10.1388921857882,-87.371249344,-86.9064691519181
44,-92.9952191690775,-95.9952191690775,45,-114.473972466906,-20.332672101818,8.1134162246987,-20.2783304905175,-10.4300110868451,-87.642967375,-86.5971810781875
45,-93.2799393315937,-96.2799393315937,46,-114.672515079355,-20.6173922643343,7.82869606218248,-20.5630506530338,-10.7147312493613,-87.910295976,-86.3286325807831
46,-93.5585360026642,-96.5585360026642,47,-114.866787625441,-20.8959889354048,7.55009939111197,-20.8416473241043,-10.9933279204318,-88.173268093,-86.0992021363662
47,-93.831267042703,-96.831267042703,48,-115.056969917791,-21.1687199754436,7.27736835107317,-21.1143783641431,-11.2660589604706,-88.431916672,-85.9072982232269
48,-94.0983743596614,-97.0983743596614,49,-115.243230644971,-21.435827292402,7.01026103411474,-21.3814856811015,-11.533166277429,-88.686274659,-85.7513591905458
49,-94.3600851983447,-97.3600851983447,50,-115.425728270568,-21.6975381310853,6.74855019543148,-21.6431965197848,-11.7948771161123,-88.936375,-85.629853125
50,-94.616613302047,-97.616613302047,51,-115.604611843215,-21.9540662347875,6.49202209172921,-21.899724623487,-12.0514052198146,-89.182250641,-85.5412777147118
51,-94.868159961384,-97.868159961384,52,-115.780021727982,-22.2056128941246,6.24047543239218,-22.1512712828241,-12.3029518791516,-89.423934528,-85.4841601105408
52,-95.1149149632178,-98.1149149632178,53,-115.952090268075,-22.4523678959584,5.99372043055836,-22.3980262846579,-12.5497068809854,-89.661459607,-85.4570567847188
53,-95.3570574508807,-98.3570574508807,54,-116.120942384696,-22.6945103836213,5.75157794289546,-22.6401687723208,-12.7918493686483,-89.894858824,-85.4585533868285
54,-95.5947567054655,-98.5947567054655,55,-116.286696121859,-22.9322096382061,5.51387868831066,-22.8778680269056,-13.0295486232331,-90.124165125,-85.487264597125
55,-95.8281728567175,-98.8281728567175,56,-116.449463142107,-23.165625789458,5.28046253705872,-23.1112841781575,-13.2629647744851,-90.349411456,-85.5418339772006
56,-96.057457531005,-99.057457531005,57,-116.609349178366,-23.3949104637455,5.05117786277121,-23.340568852445,-13.4922494487726,-90.570630763,-85.6209338179929
57,-96.2827544429362,-99.2827544429362,58,-116.766454446487,-23.6202073756767,4.82588095084002,-23.5658657643762,-13.7175463607038,-90.787855992,-85.7232649851357
58,-96.5041999364022,-99.5041999364022,59,-116.920874022535,-23.8416528691427,4.604435457374,-23.7873112578422,-13.9389918541698,-91.001120089,-85.8475567616537
59,-96.7219234801479,-99.7219234801479,60,-117.072698188358,-24.0593764128885,4.38671191362823,-24.005034801588,-14.1567153979156,-91.210456,-85.992566688
60,-96.9360481223809,-99.9360481223809,61,-117.222012748602,-24.2735010551214,4.17258727139531,-24.2191594438209,-14.3708400401485,-91.415896671,-86.1570803994369
61,-97.1466909084143,-100.146690908414,62,-117.368899321942,-24.4841438411549,3.96194448536188,-24.4298022298544,-14.5814828261819,-91.617475048,-86.33991146076
62,-97.3539632648952,-100.353963264895,63,-117.513435609013,-24.6914161976357,3.75467212888101,-24.6370745863352,-14.7887551826628,-91.815224077,-86.5399011983651
63,-97.5579713537735,-100.557971353774,64,-117.655695639243,-24.895424286514,3.55066404000269,-24.8410826752136,-14.9927632715411,-92.009176704,-86.7559185296589
64,-97.7588163988289,-100.758816398829,65,-117.79574999855,-25.0962693315695,3.34981899494725,-25.041927720269,-15.1936083165965,-92.199365875,-86.9868597898125
65,-97.9565949872688,-100.956594987269,66,-117.933666039649,-25.2940479200093,3.15204040650741,-25.2397063087088,-15.3913869050364,-92.385824536,-87.2316485558583
66,-98.1513993486464,-101.151399348646,67,-118.069508076556,-25.488852281387,2.95723604512972,-25.4345106700865,-15.5861912664141,-92.568585633,-87.4892354681296
67,-98.3433176131175,-101.343317613117,68,-118.203337564668,-25.680770545858,2.76531778065873,-25.6264289345575,-15.7781095308851,-92.747682112,-87.7585980490445
68,-98.5324340508419,-101.532434050842,69,-118.335213267713,-25.8698869835824,2.5762013429343,-25.815545372282,-15.9672259686095,-92.923146919,-88.0387405192316
69,-98.7188292941624,-101.718829294162,70,-118.465191412675,-26.056282226903,2.38980609961378,-26.0019406156025,-16.15362121193,-93.095013,-88.328693611
70,-98.9025805440229,-101.902580544023,71,-118.593325833735,-26.2400334767635,2.20605484975324,-26.185691865463,-16.3373724617906,-93.263313301,-88.627514379152
71,-99.0837617619512,-102.083761761951,72,-118.719668106149,-26.4212146946918,2.02487363182498,-26.3668730833913,-16.5185536797188,-93.428080768,-88.9342860091393
72,-99.2624438487996,-102.2624438488,73,-118.844267670884,-26.5998967815402,1.84619154497658,-26.5455551702397,-16.6972357665672,-93.589348347,-89.2481176225614
73,-99.4386948113259,-102.438694811326,74,-118.967171950783,-26.7761477440665,1.66994058245025,-26.721806132766,-16.8734867290935,-93.747148984,-89.5681440800093
74,-99.6125799175929,-102.612579917593,75,-119.088426458926,-26.9500328503334,1.49605547618329,-26.895691239033,-17.0473718353605,-93.901515625,-89.89352578125
75,-99.7841618420754,-102.784161842075,76,-119.208074899819,-27.121614774816,1.32447355170073,-27.0672731635155,-17.2189537598431,-94.052481216,-90.2234484627558
76,-99.9535008012832,-102.953500801283,77,-119.326159263966,-27.2909537340238,1.15513459249296,-27.2366121227233,-17.3882927190508,-94.200078703,-90.5571229925763
77,-100.120654680632,-103.120654680632,78,-119.44271991634,-27.4581076133727,0.987980713143998,-27.4037660020723,-17.5554465983998,-94.344341032,-90.8937851625533
78,-100.285679153235,-103.285679153235,79,-119.55779567922,-27.6231320859754,0.822956240541373,-27.5687904746749,-17.7204710710024,-94.485301149,-91.2326954778795
79,-100.448627791218,-103.448627791218,80,-119.671423909811,-27.786080723959,0.660007602557755,-27.7317391126585,-17.883419708986,-94.622992,-91.5731389440001
80,-100.609552170129,-103.609552170129,81,-119.783640573054,-27.9470051028695,0.499083223647276,-27.892663491569,-18.0443440878965,-94.757446531,-91.9144248508571
81,-100.768501966929,-103.768501966929,82,-119.89448030996,-28.1059548996692,0.340133426847501,-28.0516132883687,-18.2032938846963,-94.888697688,-92.2558865544784
82,-100.925525052055,-103.925525052055,83,-120.003976501801,-28.2629779847956,0.183110341721118,-28.2086363734951,-18.3603169698227,-95.016778417,-92.5968812559077
83,-101.080667575966,-104.080667575966,84,-120.112161330466,-28.4181205087062,0.027967817810534,-28.3637788974057,-18.5154594937333,-95.141721664,-92.9367897774797
84,-101.233974050562,-104.233974050562,85,-120.219065835236,-28.5714269833029,-0.125338656786212,-28.5170853720025,-18.66876596833,-95.263560375,-93.2750163364375
85,-101.385487425854,-104.385487425854,86,-120.324719966245,-28.7229403585941,-0.276852032077407,-28.6685987472937,-18.8202793436212,-95.382327496,-93.6109883158936
86,-101.535249162184,-104.535249162184,87,-120.429152634846,-28.8727020949249,-0.426613768408167,-28.8183604836244,-18.970041079952,-95.498055973,-93.944156033133
87,-101.683299298339,-104.683299298339,88,-120.532391761102,-29.0207522310798,-0.57466390456306,-28.9664106197793,-19.1180912161068,-95.610778752,-94.2739925052621
88,-101.829676515797,-104.829676515797,89,-120.634464318593,-29.1671294485377,-0.721041122020957,-29.1127878372372,-19.2644684335647,-95.720528779,-94.5999932121974
89,-101.974418199396,-104.974418199396,90,-120.735396376716,-29.3118711321367,-0.865782805619951,-29.2575295208362,-19.4092101171637,-95.827339,-94.921675857
90,-102.117560494647,-105.117560494647,91,-120.835213140657,-29.4550134273872,-1.00892510087046,-29.4006718160867,-19.5523524124142,-95.931242361,-95.2385801235523
91,-102.259138361912,-105.259138361912,92,-120.933938989166,-29.5965912946529,-1.15050296813618,-29.5422496833524,-19.69393027968,-96.032271808,-95.5502674315775
92,-102.399185627662,-105.399185627662,93,-121.0315975103,-29.736638560403,-1.2905502338863,-29.6822969491026,-19.8339775454301,-96.130460287,-95.856320689004
93,-102.537735032983,-105.537735032983,94,-121.128211535252,-29.8751879657234,-1.42909963920669,-29.8208463544229,-19.9725269507505,-96.225840744,-96.15634404167
94,-102.67481827952,-105.67481827952,95,-121.223803170386,-30.0122712122609,-1.5661828857442,-29.9579296009605,-20.109610197288,-96.318446125,-96.449962620375
95,-102.810466073022,-105.810466073022,96,-121.318393827601,-30.1479190057622,-1.7018306792455,-30.0935773944617,-20.2452579907893,-96.408309376,-96.736822285271
96,-102.944708164616,-105.944708164616,97,-121.412004253116,-30.2821610973564,-1.83607277083967,-30.2278194860559,-20.3795000823835,-96.495463443,-97.0165893675997
97,-103.07757338998,-106.07757338998,98,-121.504654554782,-30.4150263227207,-1.96893799620393,-30.3606847114202,-20.5123653077477,-96.579941272,-97.2889504087709
98,-103.209089706517,-106.209089706517,99,-121.596364228007,-30.5465426392575,-2.10045431274077,-30.492201027957,-20.6438816242846,-96.661775809,-97.5536118967853
99,-103.339284228663,-106.339284228663,100,-121.687152180378,-30.6767371614039,-2.23064883488718,-30.6223955501034,-20.774076146431,-96.741,-97.8103
100,-103.468183261443,-106.468183261443,101,-121.777036755057,-30.8056361941836,-2.35954786766683,-30.7512945828831,-20.9029751792106,-96.817646791,-98.0587602982373
101,-103.595812332366,-106.595812332366,102,-121.866035753026,-30.9332652651062,-2.48717693858945,-30.8789236538057,-21.0306042501332,-96.891749128,-98.2987575112368
102,-103.72219622177,-106.72219622177,103,-121.954166454246,-31.0596491545108,-2.61356082799411,-31.0053075432104,-21.1569881395379,-96.963339957,-98.5300752244502
103,-103.847358991703,-106.847358991703,104,-122.041445637793,-31.1848119244432,-2.73872359792647,-31.1304703131427,-21.2821509094703,-97.032452224,-98.7525156121805
104,-103.971324013411,-106.971324013411,105,-122.127889601033,-31.3087769461511,-2.86268861963441,-31.2544353348507,-21.4061159311782,-97.099118875,-98.9658991580625
105,-104.094113993536,-107.094113993536,106,-122.213514177886,-31.431566926277,-2.98547859976031,-31.3772253149766,-21.5289059113041,-97.163372856,-99.1700643728886
106,-104.21575099908,-107.21575099908,107,-122.298334756231,-31.5532039318205,-3.10711560530379,-31.49886232052,-21.6505429168476,-97.225247113,-99.3648675097765
107,-104.336256481199,-107.336256481199,108,-122.382366294507,-31.6737094139399,-3.22762108742321,-31.6193678026395,-21.771048398967,-97.284774592,-99.5501822766797
108,-104.455651297916,-107.455651297916,109,-122.465623337543,-31.793104230657,-3.34701590414029,-31.7387626193565,-21.8904432156841,-97.341988239,-99.7258995462431
109,-104.573955735784,-107.573955735784,110,-122.548120031669,-31.9114086685247,-3.46532034200799,-31.8570670572242,-22.0087476535518,-97.396921,-99.8919270629999
110,-104.691189530574,-107.691189530574,111,-122.629870139141,-32.0286424633147,-3.58255413679795,-31.9743008520142,-22.1259814483417,-97.449605821,-100.048189147912
111,-104.807371887036,-107.807371887036,112,-122.710887051918,-32.1448248197767,-3.69873649325994,-32.0904832084762,-22.2421638048037,-97.500075648,-100.194626400256
112,-104.92252149778,-107.92252149778,113,-122.791183804834,-32.2599744305203,-3.81388610400354,-32.2056328192198,-22.3573134155473,-97.548363427,-100.331195396846
113,-105.036656561324,-108.036656561324,114,-122.870773088177,-32.3741094940642,-3.92802116754746,-32.3197678827637,-22.4714484790912,-97.594502104,-100.457868388611
114,-105.149794799357,-108.149794799357,115,-122.949667259734,-32.4872477320979,-4.04115940558112,-32.4329061207974,-22.5845867171249,-97.638524625,-100.5746329945
115,-105.261953473255,-108.261953473255,116,-123.027878356298,-32.5994064059954,-4.15331807947864,-32.5450647946949,-22.6967453910224,-97.680463936,-100.681491892746
116,-105.37314939988,-108.37314939988,117,-123.105418104699,-32.7106023326209,-4.26451400610419,-32.6562607213204,-22.807941317648,-97.720352983,-100.778462509463
117,-105.483398966721,-108.483398966721,118,-123.182297932346,-32.8208518994614,-4.37476357294467,-32.7665102881609,-22.9181908844885,-97.758224712,-100.865576704588
118,-105.59271814638,-108.59271814638,119,-123.258528977343,-32.9301710791207,-4.48408275260392,-32.8758294678202,-23.0275100641477,-97.794112069,-100.942880455171
119,-105.701122510467,-108.701122510467,120,-123.334122098169,-33.0385754432072,-4.59248711669043,-32.9842338319067,-23.1359144282342,-97.828048,-101.010433536
120,-105.808627242905,-108.808627242905,121,-123.409087882961,-33.1460801756455,-4.69999184912881,-33.0917385643451,-23.2434191606726,-97.860065451,-101.068309197577
121,-105.9152471527,-108.9152471527,122,-123.483436658413,-33.2527000854401,-4.80661175892335,-33.1983584741396,-23.3500390704671,-97.890197368,-101.116593841435
122,-106.020996686177,-109.020996686177,123,-123.557178498318,-33.3584496189174,-4.91236129240068,-33.3041080076169,-23.4557886039445,-97.918476697,-101.155386692793
123,-106.125889938733,-109.125889938733,124,-123.630323231753,-33.4633428714735,-5.01725454495679,-33.409001260173,-23.5606818565006,-97.944936384,-101.184799470561
124,-106.229940666108,-109.229940666108,125,-123.702880450946,-33.5673935988489,-5.12130527233212,-33.5130519875484,-23.6647325838759,-97.969609375,-101.204956054688
125,-106.333162295214,-109.333162295214,126,-123.774859518824,-33.6706152279544,-5.22452690143766,-33.6162736166539,-23.7679542129814,-97.992528616,-101.215992150844
126,-106.435567934529,-109.435567934529,127,-123.846269576262,-33.7730208672696,-5.32693254075284,-33.7186792559691,-23.8703598522966,-98.013727053,-101.21805495246
127,-106.537170384092,-109.537170384092,128,-123.917119549054,-33.8746233168327,-5.42853499031597,-33.8202817055322,-23.9719623018598,-98.033237632,-101.211302800097
128,-106.637982145102,-109.637982145102,129,-123.987418154603,-33.9754350778423,-5.52934675132558,-33.9210934665418,-24.0727740628694,-98.051093299,-101.195904838169
129,-106.738015429148,-109.738015429148,130,-124.057173908361,-34.0754683618882,-5.62938003537142,-34.0211267505877,-24.1728073469152,-98.067327,-101.172040669
130,-106.837282167088,-109.837282167088,131,-124.126395130018,-34.1747350998281,-5.72864677331139,-34.1203934885276,-24.2720740848552,-98.081971681,-101.139900004233
131,-106.935794017587,-109.935794017587,132,-124.19508994946,-34.273246950328,-5.82715862381125,-34.2189053390275,-24.370585935355,-98.095060288,-101.099682313574
132,-107.033562375338,-110.033562375338,133,-124.263266312494,-34.3710153080786,-5.9249269815619,-34.3166736967782,-24.4683542931057,-98.106625767,-101.051596470889
133,-107.130598378965,-110.130598378965,134,-124.330931986366,-34.4680513117057,-6.02196298518894,-34.4137097004052,-24.5653902967327,-98.116701064,-100.995860397632
134,-107.226912918644,-110.226912918644,135,-124.398094565075,-34.5643658513849,-6.11827752486814,-34.5100242400844,-24.6617048364119,-98.125319125,-100.932700703625
135,-107.322516643436,-110.322516643436,136,-124.464761474479,-34.6599695761767,-6.21388124965993,-34.6056279648762,-24.7573085612037,-98.132512896,-100.862352325181
136,-107.417419968351,-110.417419968351,137,-124.530939977232,-34.754872901092,-6.30878457457525,-34.7005312897915,-24.852211886119,-98.138315323,-100.785058160567
137,-107.511633081161,-110.511633081161,138,-124.596637177524,-34.8490860139011,-6.40299768738436,-34.7947444026006,-24.9464249989281,-98.142759352,-100.701068702806
138,-107.605165948956,-110.605165948956,139,-124.661860025664,-34.9426188816967,-6.49653055517994,-34.8882772703962,-25.0399578667237,-98.145877929,-100.610641669837
139,-107.698028324481,-110.698028324481,140,-124.726615322486,-35.0354812572216,-6.58939293070488,-34.9811396459211,-25.1328202422487,-98.147704,-100.514041632
140,-107.790229752231,-110.790229752231,141,-124.79090972361,-35.1276826849716,-6.68159435845487,-35.0733410736711,-25.2250216699987,-98.148270511,-100.411539636878
141,-107.881779574342,-110.881779574342,142,-124.854749743546,-35.2192325070822,-6.77314418056542,-35.1648908957817,-25.3165714921092,-98.147610408,-100.303412831473
142,-107.972686936268,-110.972686936268,143,-124.918141759652,-35.310139869009,-6.86405154249223,-35.2557982577085,-25.407478854036,-98.145756637,-100.189944081735
143,-108.06296079227,-111.06296079227,144,-124.98109201596,-35.4004137250104,-6.95432539849368,-35.3460721137099,-25.4977527100375,-98.142742144,-100.071421589422
144,-108.1526099107,-111.1526099107,145,-125.043606626866,-35.4900628434403,-7.04397451692358,-35.4357212321398,-25.5874018284674,-98.138599875,-99.9481385063123
145,-108.241642879118,-111.241642879118,146,-125.105691580695,-35.5790958118588,-7.13300748534208,-35.5247542005583,-25.6764347968859,-98.133362776,-99.8203925457589
146,-108.330068109228,-111.330068109228,147,-125.16735274314,-35.6675210419688,-7.2214327154521,-35.6131794306684,-25.7648600269959,-98.127063793,-99.688485591583
147,-108.417893841645,-111.417893841645,148,-125.228595860594,-35.7553467743852,-7.30925844786842,-35.7010051630847,-25.8526857594122,-98.119735872,-99.5527233043148
148,-108.505128150502,-111.505128150502,149,-125.289426563354,-35.8425810832429,-7.39649275672618,-35.7882394719424,-25.93992006827,-98.111411959,-99.4134147247747
149,-108.591778947912,-111.591778947912,150,-125.349850368737,-35.9292318806521,-7.48314355413537,-35.8748902693516,-26.0265708656792,-98.102125,-99.2708718749998
150,-108.677853988263,-111.677853988263,151,-125.409872684076,-36.0153069210038,-7.56921859448709,-35.9609653097033,-26.1126459060309,-98.091907941,-99.1254093565129
151,-108.763360872394,-111.763360872394,152,-125.46949880963,-36.1008138051347,-7.65472547861793,-36.0464721938342,-26.1981527901617,-98.080793728,-98.9773439459325
152,-108.848307051614,-111.848307051614,153,-125.528733941384,-36.1857599843544,-7.73967165783764,-36.1314183730539,-26.2830989693814,-98.068815307,-98.8269941879318
153,-108.932699831602,-111.932699831602,154,-125.587583173777,-36.2701527643424,-7.8240644378257,-36.2158111530419,-26.3674917493695,-98.056005624,-98.6746799855323
154,-109.016546376178,-112.016546376178,155,-125.64605150232,-36.3539993089185,-7.90791098240172,-36.299657697618,-26.4513382939455,-98.042397625,-98.5207221877502
155,-109.099853710951,-112.099853710951,156,-125.704143826151,-36.4373066436914,-7.99121831717466,-36.3829650323909,-26.5346456287185,-98.028024256,-98.3654421745765
156,-109.182628726852,-112.182628726852,157,-125.76186495049,-36.5200816595922,-8.07399333307541,-36.4657400482917,-26.6174206446192,-98.012918463,-98.2091614393096
157,-109.264878183553,-112.264878183553,158,-125.81921958903,-36.602331116294,-8.15624278977729,-36.5479895049935,-26.6996701013211,-97.997113192,-98.0522011682234
158,-109.346608712785,-112.346608712785,159,-125.876212366244,-36.6840616455252,-8.23797331900848,-36.6297200342247,-26.7814006305523,-97.980641389,-97.8948818175825
159,-109.427826821537,-112.427826821537,160,-125.932847819622,-36.7652797542776,-8.31919142776091,-36.7109381429772,-26.8626187393047,-97.963536,-97.7375226880001
160,-109.508538895175,-112.508538895175,161,-125.989130401841,-36.8459918279155,-8.39990350139881,-36.7916502166151,-26.9433308129426,-97.945829971,-97.580441496138
161,-109.588751200448,-112.588751200448,162,-126.045064482865,-36.9262041331881,-8.48011580667139,-36.8718625218876,-27.0235431182152,-97.927556248,-97.4239539437519
162,-109.668469888409,-112.668469888409,163,-126.100654351981,-37.0059228211492,-8.55983449463248,-36.9515812098487,-27.1032618061763,-97.908747777,-97.2683732840779
163,-109.747700997247,-112.747700997247,164,-126.155904219771,-37.0851539299879,-8.63906560347116,-37.0308123186874,-27.1824929150149,-97.889437504,-97.1140098855626
164,-109.826450455032,-112.826450455032,165,-126.210818220028,-37.1639033877729,-8.71781506125618,-37.1095617764724,-27.2612423728,-97.869658375,-96.9611707929372
165,-109.904724082374,-112.904724082374,166,-126.265400411612,-37.2421770151143,-8.79608868859754,-37.1878354038138,-27.3395160001413,-97.849443336,-96.8101592856339
166,-109.982527595004,-112.982527595004,167,-126.319654780248,-37.3199805277448,-8.87389220122809,-37.2656389164443,-27.4173195127719,-97.828825333,-96.6612744335469
167,-110.059866606284,-113.059866606284,168,-126.373585240276,-37.3973195390249,-8.95123121250813,-37.3429779277244,-27.4946585240519,-97.807837312,-96.5148106501325
168,-110.136746629632,-113.136746629632,169,-126.427195636343,-37.4741995623724,-9.02811123585565,-37.4198579510719,-27.5715385473994,-97.786512219,-96.3710572428602
169,-110.213173080881,-113.213173080881,170,-126.480489745046,-37.5506260136216,-9.10453768710487,-37.4962844023211,-27.6479649986487,-97.764883,-96.2302979609998
170,-110.289151280572,-113.289151280572,171,-126.533471276535,-37.6266042133124,-9.18051588679563,-37.5722626020119,-27.7239431983394,-97.742982601,-96.0928105407525
171,-110.364686456172,-113.364686456172,172,-126.586143876055,-37.7021393889128,-9.25605106239606,-37.6477977776123,-27.7994783739398,-97.720843968,-95.9588662477315
172,-110.439783744237,-113.439783744237,173,-126.638511125457,-37.7772366769775,-9.33114835046077,-37.722895065677,-27.8745756620046,-97.698500047,-95.8287294167748
173,-110.514448192503,-113.514448192503,174,-126.690576544656,-37.8519011252436,-9.40581279872682,-37.7975595139431,-27.9492401102706,-97.675983784,-95.7026569891132
174,-110.588684761926,-113.588684761926,175,-126.742343593053,-37.9261376946666,-9.48004936814982,-37.8717960833661,-28.0234766796936,-97.653328125,-95.5808980468745
175,-110.662498328658,-113.662498328658,176,-126.793815670913,-37.9999512613985,-9.55386293488173,-37.945609650098,-28.0972902464255,-97.630566016,-95.4636933449317
176,-110.735893685969,-113.735893685969,177,-126.844996120704,-38.0733466187096,-9.62725829219284,-38.0190050074091,-28.1706856037366,-97.607730403,-95.351274840093
177,-110.808875546116,-113.808875546116,178,-126.895888228403,-38.1463284788564,-9.70024015233962,-38.0919868675559,-28.2436674638834,-97.584854232,-95.2438652176412
178,-110.881448542156,-113.881448542156,179,-126.94649522476,-38.2189014748968,-9.77281314838005,-38.1645598635963,-28.3162404599238,-97.561970449,-95.141677415208
179,-110.953617229715,-113.953617229715,180,-126.996820286527,-38.2910701624554,-9.84498183593862,-38.2367285511549,-28.3884091474824,-97.539112,-95.0449141439998
180,-111.025386088698,-114.025386088698,181,-127.046866537657,-38.362839021439,-9.91675069492226,-38.3084974101385,-28.4601780064661,-97.516311831,-94.9537674073583
181,-111.096759524965,-114.096759524965,182,-127.096637050468,-38.4342124577059,-9.98812413118912,-38.3798708464054,-28.5315514427329,-97.493602888,-94.8684180166705
182,-111.167741871948,-114.167741871948,183,-127.146134846771,-38.5051948046883,-10.0591064781715,-38.4508531933878,-28.6025337897153,-97.471018117,-94.7890351046206
183,-111.238337392231,-114.238337392231,184,-127.195362898977,-38.5757903249716,-10.1297019984548,-38.5214487136711,-28.6731293099986,-97.448590464,-94.7157756357833
184,-111.30855027909,-114.30855027909,185,-127.244324131161,-38.6460032118301,-10.1999148853134,-38.5916616005296,-28.7433421968571,-97.426352875,-94.6487839145622
185,-111.378384657981,-114.378384657981,186,-127.293021420111,-38.7158375907217,-10.269749264205,-38.6614959794212,-28.8131765757488,-97.404338296,-94.5881910904693
186,-111.447844588002,-114.447844588002,187,-127.341457596338,-38.7852975207424,-10.3392091942257,-38.7309559094419,-28.8826365057695,-97.382579673,-94.5341146607499
187,-111.516934063302,-114.516934063302,188,-127.389635445063,-38.8543869960421,-10.4082986695254,-38.8000453847416,-28.9517259810691,-97.361109952,-94.4866579703496
188,-111.585657014462,-114.585657014462,189,-127.437557707182,-38.9231099472026,-10.4770216206858,-38.8687683359021,-29.0204489322296,-97.339962079,-94.4459097092259
189,-111.654017309839,-114.654017309839,190,-127.485227080197,-38.9914702425796,-10.5453819160629,-38.9371286312791,-29.0888092276066,-97.319169,-94.4119434069997
190,-111.722018756869,-114.722018756869,191,-127.532646219131,-39.0594716896093,-10.6133833630926,-39.0051300783089,-29.1568106746364,-97.298763661,-94.3848169249534
191,-111.78966510334,-114.78966510334,192,-127.579817737412,-39.1271180360809,-10.6810297095642,-39.0727764247804,-29.2244570211079,-97.278779008,-94.3645719453697
192,-111.856960038635,-114.856960038635,193,-127.62674420774,-39.1944129713757,-10.748324644859,-39.1400713600752,-29.2917519564028,-97.259247987,-94.3512334582165
193,-111.923907194935,-114.923907194935,194,-127.673428162927,-39.2613601276751,-10.8152718011583,-39.2070185163746,-29.3586991127021,-97.240203544,-94.3448092451739
194,-111.990510148396,-114.990510148396,195,-127.719872096719,-39.3279630811363,-10.8818747546196,-39.2736214698358,-29.4253020661634,-97.221678625,-94.3452893610003
195,-112.056772420299,-115.056772420299,196,-127.766078464593,-39.3942253530393,-10.9481370265226,-39.3398837417388,-29.4915643380664,-97.203706176,-94.352645612247
196,-112.122697478163,-115.122697478163,197,-127.81204968454,-39.4601504109034,-11.0140620843866,-39.4058087996029,-29.5574893959304,-97.186319143,-94.3668310333161
197,-112.188288736836,-115.188288736836,198,-127.857788137818,-39.5257416695762,-11.0796533430594,-39.4714000582757,-29.6230806546032,-97.169550472,-94.387779359859
198,-112.253549559555,-115.253549559555,199,-127.9032961697,-39.5910024922952,-11.1449141657785,-39.5366608809947,-29.6883414773223,-97.153433109,-94.4154044995138
199,-112.318483258982,-115.318483258982,200,-127.948576090189,-39.6559361917226,-11.2098478652059,-39.6015945804221,-29.7532751767496,-97.138,-94.4496000000001
200,-112.383093098213,-115.383093098213,201,-127.993630174725,-39.7205460309539,-11.2744577044371,-39.6662044196534,-29.8178850159809,-97.123284091,-94.4902385145376
201,-112.447382291762,-115.447382291762,202,-128.038460664868,-39.7848352245022,-11.3387468979855,-39.7304936132017,-29.8821742095293,-97.109318328,-94.537171264628
202,-112.511354006517,-115.511354006517,203,-128.083069768973,-39.848806939258,-11.4027186127413,-39.7944653279575,-29.9461459242851,-97.096135657,-94.5902275001627
203,-112.575011362684,-115.575011362684,204,-128.127459662837,-39.9124642954249,-11.4663759689081,-39.8581226841244,-30.0098032804519,-97.083769024,-94.6492139568844
204,-112.638357434692,-115.638357434692,205,-128.171632490338,-39.9758103674328,-11.5297220409161,-39.9214687561323,-30.0731493524599,-97.072251375,-94.713914311187
205,-112.701395252089,-115.701395252089,206,-128.215590364057,-40.0388481848295,-11.5927598583128,-39.984506573529,-30.1361871698566,-97.061615656,-94.7840886322639
206,-112.764127800409,-115.764127800409,207,-128.259335365882,-40.1015807331493,-11.6554924066326,-40.0472391218488,-30.1989197181763,-97.051894813,-94.8594728315931
207,-112.826558022021,-115.826558022021,208,-128.302869547604,-40.1640109547619,-11.7179226282451,-40.1096693434614,-30.2613499397889,-97.043121792,-94.9397781097673
208,-112.88868881696,-115.88868881696,209,-128.346194931488,-40.2261417497004,-11.7800534231837,-40.1718001383999,-30.3234807347275,-97.035329539,-95.0246904006716
209,-112.950523043729,-115.950523043729,210,-128.389313510844,-40.2879759764698,-11.8418876499531,-40.2336343651693,-30.3853149614968,-97.028551,-95.1138698130005
210,-113.012063520095,-116.012063520095,211,-128.43222725057,-40.3495164528358,-11.9034281263191,-40.2951748415354,-30.4468554378629,-97.022819121,-95.2069500691129
211,-113.073313023855,-116.073313023855,212,-128.474938087696,-40.4107659565957,-11.964677630079,-40.3564243452952,-30.5081049416228,-97.018166848,-95.3035379412477
212,-113.13427429359,-116.13427429359,213,-128.517447931904,-40.4717272263303,-12.0256388998136,-40.4173856150299,-30.5690662113574,-97.014627127,-95.4032126850598
213,-113.194950029399,-116.194950029399,214,-128.559758666042,-40.5324029621392,-12.0863146356225,-40.4780613508387,-30.6297419471662,-97.012232904,-95.5055254705152
214,-113.255342893617,-116.255342893617,215,-128.601872146623,-40.5927958263577,-12.146707499841,-40.5384542150573,-30.6901348113848,-97.011017125,-95.6099988101253
215,-113.315455511518,-116.315455511518,216,-128.643790204318,-40.6529084442586,-12.2068201177419,-40.5985668329581,-30.7502474292856,-97.011012736,-95.7161259845217
216,-113.375290471996,-116.375290471996,217,-128.685514644428,-40.7127434047362,-12.2666550782194,-40.6584017934357,-30.8100823897632,-97.012252683,-95.8233704653799
217,-113.434850328235,-116.434850328235,218,-128.727047247354,-40.7723032609757,-12.3262149344589,-40.7179616496752,-30.8696422460027,-97.014769912,-95.9311653356757
218,-113.494137598366,-116.494137598366,219,-128.768389769053,-40.831590531107,-12.3855022045903,-40.7772489198065,-30.9289295161341,-97.018597369,-96.0389127073003
219,-113.553154766103,-116.553154766103,220,-128.80954394148,-40.8906076988434,-12.4445193723267,-40.8362660875429,-30.9879466838704,-97.023768,-96.1459831359996
220,-113.611904281365,-116.611904281365,221,-128.850511473029,-40.9493572141058,-12.5032688875891,-40.8950156028054,-31.0466961991329,-97.030314751,-96.2517150336786
221,-113.670388560893,-116.670388560893,222,-128.891294048952,-41.0078414936333,-12.5617531671166,-40.9534998823329,-31.1051804786604,-97.038270568,-96.355414078027
222,-113.728609988839,-116.728609988839,223,-128.93189333178,-41.0660629215794,-12.6199745950627,-41.0117213102789,-31.1634019066065,-97.047668397,-96.4563526195055
223,-113.786570917355,-116.786570917355,224,-128.972310961729,-41.1240238500953,-12.6779355235786,-41.0696822387949,-31.2213628351224,-97.058541184,-96.5537690856643
224,-113.84427366716,-116.84427366716,225,-129.012548557095,-41.1817265999003,-12.7356382733836,-41.1273849885998,-31.2790655849273,-97.070921875,-96.6468673828119
225,-113.901720528098,-116.901720528098,226,-129.052607714644,-41.2391734608389,-12.7930851343222,-41.1848318495384,-31.336512445866,-97.084843416,-96.734816295019
226,-113.958913759686,-116.958913759686,227,-129.092490009995,-41.2963666924266,-12.8502783659099,-41.2420250811262,-31.3937056774537,-97.100338753,-96.8167488804761
227,-114.015855591642,-117.015855591642,228,-129.132196997988,-41.3533085243829,-12.9072201978661,-41.2989669130824,-31.4506475094099,-97.117440832,-96.8917618651848
228,-114.072548224412,-117.072548224412,229,-129.171730213048,-41.4100011571525,-12.9639128306358,-41.355659545852,-31.5073401421796,-97.136182599,-96.9589150339978
229,-114.128993829676,-117.128993829676,230,-129.211091169544,-41.4664467624165,-13.0203584358998,-41.412105151116,-31.5637857474436,-97.156597,-97.017230619
230,-114.18519455085,-117.18519455085,231,-129.250281362135,-41.5226474835906,-13.0765591570739,-41.4683058722901,-31.6199864686177,-97.178716981,-97.065692685234
231,-114.241152503574,-117.241152503574,232,-129.289302266109,-41.5786054363141,-13.1325171097973,-41.5242638250136,-31.6759444213411,-97.202575488,-97.1032465137664
232,-114.296869776187,-117.296869776187,233,-129.32815533772,-41.6343227089272,-13.1882343824105,-41.5799810976268,-31.7316616939543,-97.228205467,-97.1287979821012
233,-114.352348430199,-117.352348430199,234,-129.366842014509,-41.6898013629396,-13.2437130364229,-41.6354597516391,-31.7871403479666,-97.255639864,-97.1412129419357
234,-114.407590500746,-117.407590500746,235,-129.405363715631,-41.745043433487,-13.2989551069703,-41.6907018221865,-31.8423824185141,-97.284911625,-97.1393165942505
235,-114.46259799704,-117.462597997039,236,-129.443721842157,-41.8000509297801,-13.3539626032633,-41.7457093184796,-31.8973899148071,-97.316053696,-97.1218928617574
236,-114.517372902802,-117.517372902802,237,-129.481917777389,-41.8548258355422,-13.4087375090255,-41.8004842242417,-31.9521648205693,-97.349099023,-97.0876837586829
237,-114.571917176699,-117.571917176699,238,-129.519952887154,-41.9093701094393,-13.4632817829226,-41.8550284981388,-32.0067090944663,-97.384080552,-97.0353887578943
238,-114.626232752759,-117.626232752759,239,-129.5578285201,-41.9636856854997,-13.517597358983,-41.9093440741992,-32.0610246705268,-97.421031229,-96.9636641553655
239,-114.680321540785,-117.680321540785,240,-129.59554600798,-42.0177744735258,-13.5716861470091,-41.9634328622253,-32.1151134585529,-97.459984,-96.8711224319987
240,-114.734185426756,-117.734185426756,241,-129.633106665936,-42.071638359497,-13.6255500329803,-42.0172967481965,-32.1689773445241,-97.500971811,-96.7563316127789
241,-114.787826273224,-117.787826273224,242,-129.670511792771,-42.1252792059642,-13.6791908794475,-42.0709375946637,-32.2226181909913,-97.544027608,-96.6178146232642
242,-114.841245919696,-117.841245919696,243,-129.707762671223,-42.1786988524363,-13.7326105259196,-42.1243572411358,-32.2760378374634,-97.589184337,-96.4540486434482
243,-114.894446183018,-117.894446183018,244,-129.744860568224,-42.2318991157588,-13.785810789242,-42.1775575044583,-32.3292381007858,-97.636474944,-96.2634644589259
244,-114.947428857744,-117.947428857744,245,-129.781806735161,-42.2848817904843,-13.8387934639675,-42.2305401791838,-32.3822207755113,-97.685932375,-96.0444458094378
245,-115.000195716496,-118.000195716496,246,-129.818602408129,-42.3376486492361,-13.8915603227194,-42.2833070379356,-32.4349876342631,-97.737589576,-95.795328734735
246,-115.052748510323,-118.052748510323,247,-129.855248808179,-42.3902014430638,-13.9441131165471,-42.3358598317634,-32.4875404280909,-97.791479493,-95.5144009178007
247,-115.105088969052,-118.105088969052,248,-129.891747141564,-42.4425419017922,-13.9964535752754,-42.3882002904917,-32.5398808868192,-97.847635072,-95.1999010254024
248,-115.157218801622,-118.157218801622,249,-129.92809859997,-42.4946717343625,-14.0485834078457,-42.440330123062,-32.5920107193895,-97.906089259,-94.8500180460035
249,-115.209139696427,-118.209139696427,250,-129.964304360757,-42.5465926291675,-14.1005043026508,-42.492251017867,-32.6439316141946,-97.966875,-94.462890625
250,-115.260853321639,-118.260853321639,251,-130.000365587184,-42.5983062543798,-14.1522179278631,-42.5439646430793,-32.6956452394069,-98.030025241,-94.0366063973133
251,-115.312361325532,-118.312361325533,252,-130.036283428635,-42.6498142582731,-14.2037259317563,-42.5954726469726,-32.7471532433001,-98.095572928,-93.5692013173257
252,-115.363665336797,-118.363665336797,253,-130.072059020835,-42.7011182695373,-14.2550299430206,-42.6467766582369,-32.7984572545644,-98.163551007,-93.0586589861448
253,-115.414766964848,-118.414766964848,254,-130.107693486073,-42.7522198975882,-14.3061315710715,-42.6978782862878,-32.8495588826153,-98.233992424,-92.5029099762357
254,-115.465667800129,-118.465667800129,255,-130.143187933405,-42.8031207328698,-14.3570324063531,-42.7487791215693,-32.9004597178968,-98.306930125,-91.8998311533737
255,-115.516369414411,-118.516369414411,256,-130.178543458865,-42.8538223471514,-14.4077340206346,-42.7994807358509,-32.9511613321784,-98.382397056,-91.2472449959528
256,-115.566873361078,-118.566873361078,257,-130.213761145669,-42.904326293819,-14.4582379673023,-42.8499846825185,-33.0016652788461,-98.460426163,-90.5429189116262
257,-115.61718117542,-118.61718117542,258,-130.248842064414,-42.954634108161,-14.5085457816443,-42.9002924968605,-33.051973093188,-98.541050392,-89.784564551311
258,-115.667294374907,-118.667294374907,259,-130.283787273268,-43.0047473076478,-14.5586589811311,-42.9504056963473,-33.1020862926748,-98.624302689,-88.9698371205116
259,-115.717214459466,-118.717214459466,260,-130.318597818171,-43.0546673922068,-14.6085790656901,-43.0003257809063,-33.1520063772339,-98.710216,-88.0963346879989
260,-115.766942911751,-118.766942911751,261,-130.353274733015,-43.1043958444918,-14.658307517975,-43.0500542331913,-33.2017348295188,-98.798823271,-87.1615974918377
261,-115.816481197406,-118.816481197406,262,-130.387819039829,-43.1539341301468,-14.70784580363,-43.0995925188463,-33.2512731151738,-98.890157448,-86.1631072427445
262,-115.865830765325,-118.865830765325,263,-130.422231748965,-43.2032836980658,-14.7571953715491,-43.1489420867653,-33.3006226830928,-98.984251477,-85.0982864247897
263,-115.914993047906,-118.914993047906,264,-130.456513859271,-43.2524459806467,-14.8063576541299,-43.1981043693462,-33.3497849656737,-99.081138304,-83.964497593465
264,-115.9639694613,-118.9639694613,265,-130.490666358264,-43.3014223940406,-14.8553340675239,-43.2470807827402,-33.3987613790677,-99.180850875,-82.7590426710635
265,-116.012761405657,-119.012761405657,266,-130.524690222305,-43.3502143383973,-14.9041260118806,-43.2958727270968,-33.4475533234244,-99.283422136,-81.4791622394091
266,-116.061370265364,-119.061370265364,267,-130.558586416762,-43.3988231981046,-14.9527348715878,-43.3444815868041,-33.4961621831316,-99.388885033,-80.1220348299623
267,-116.109797409284,-119.109797409284,268,-130.592355896177,-43.4472503420244,-15.0011620155076,-43.3929087307239,-33.5445893270514,-99.497272512,-78.6847762112204
268,-116.158044190984,-119.158044190984,269,-130.625999604428,-43.4954971237241,-15.0494087972074,-43.4411555124236,-33.5928361087511,-99.608617519,-77.1644386734881
269,-116.206111948963,-119.206111948963,270,-130.659518474885,-43.5435648817035,-15.0974765551868,-43.4892232704031,-33.6409038667306,-99.722953,-75.5580103109987
270,-116.254002006877,-119.254002006877,271,-130.692913430566,-43.5914549396177,-15.1453666131009,-43.5371133283172,-33.6887939246447,-99.840311901,-73.8624143013531
271,-116.301715673755,-119.301715673755,272,-130.72618538429,-43.6391686064953,-15.1930802799786,-43.5848269951948,-33.7365075915224,-99.960727168,-72.0745081823241
272,-116.349254244213,-119.349254244213,273,-130.759335238826,-43.686707176954,-15.2406188504373,-43.6323655656536,-33.7840461619811,-100.084231747,-70.1910831259872
273,-116.39661899867,-119.39661899867,274,-130.792363887042,-43.7340719314106,-15.2879836048939,-43.6797303201102,-33.8314109164377,-100.210858584,-68.2088632102175
274,-116.443811203548,-119.443811203548,275,-130.825272212048,-43.7812641362883,-15.3351758097716,-43.7269225249879,-33.8786031213154,-100.340640625,-66.1245046874997
275,-116.490832111479,-119.490832111479,276,-130.858061087335,-43.8282850442198,-15.382196717703,-43.7739434329193,-33.9256240292468,-100.473610816,-63.9345952511071
276,-116.537682961506,-119.537682961506,277,-130.890731376919,-43.8751358942466,-15.4290475677298,-43.8207942829461,-33.9724748792736,-100.609802103,-61.6356532986085
277,-116.584364979275,-119.584364979275,278,-130.923283935474,-43.9218179120153,-15.4757295854986,-43.8674763007149,-34.0191568970424,-100.749247432,-59.2241271927289
278,-116.630879377229,-119.630879377229,279,-130.955719608469,-43.9683323099699,-15.5222439834531,-43.9139906986694,-34.0656712949969,-100.891979749,-56.6963945195366
279,-116.6772273548,-119.6772273548,280,-130.988039232297,-44.0146802875403,-15.5685919610236,-43.9603386762398,-34.1120192725673,-101.038032,-54.0487613439991
280,-116.723410098588,-119.723410098588,281,-131.020243634404,-44.0608630313284,-15.6147747048117,-44.0065214200279,-34.1582020163555,-101.187437131,-51.2774614628588
281,-116.76942878255,-119.76942878255,282,-131.052333633421,-44.1068817152903,-15.6607933887735,-44.0525401039898,-34.2042207003173,-101.340228088,-48.3786556548628
282,-116.815284568174,-119.815284568174,283,-131.084310039284,-44.152737500915,-15.7066491743983,-44.0983958896145,-34.2500764859421,-101.496437817,-45.3484309283347
283,-116.86097860466,-119.86097860466,284,-131.116173653357,-44.1984315374008,-15.7523432108841,-44.1440899261003,-34.2957705224279,-101.656099264,-42.1827997660862
284,-116.906512029087,-119.906512029087,285,-131.147925268555,-44.2439649618278,-15.797876635311,-44.1896233505273,-34.3413039468548,-101.819245375,-38.8776993676861
285,-116.951885966587,-119.951885966587,286,-131.179565669462,-44.2893388993276,-15.8432505728109,-44.2349972880272,-34.3866778843547,-101.985909096,-35.4289908890455
286,-116.99710153051,-119.99710153051,287,-131.211095632445,-44.3345544632505,-15.8884661367338,-44.2802128519501,-34.4318934482776,-102.156123373,-31.8324586793653
287,-117.042159822589,-120.042159822589,288,-131.24251592577,-44.3796127553291,-15.9335244288123,-44.3252711440286,-34.4769517403561,-102.329921152,-28.0838095154388
288,-117.087061933099,-120.087061933099,289,-131.273827309715,-44.4245148658393,-15.9784265393225,-44.3701732545388,-34.5218538508663,-102.507335379,-24.178671833256
289,-117.131808941018,-120.131808941018,290,-131.305030536677,-44.469261873759,-16.0231735472422,-44.4149202624585,-34.566600858786,-102.688399,-20.1125949569987
290,-117.176401914183,-120.176401914183,291,-131.336126351285,-44.5138548469233,-16.0677665204065,-44.4595132356228,-34.6111938319503,-102.873144961,-15.8810483253546
291,-117.220841909437,-120.220841909437,292,-131.367115490505,-44.5582948421775,-16.1122065156608,-44.503953230877,-34.6556338272045,-103.061606208,-11.4794207151606
292,-117.265129972787,-120.265129972787,293,-131.397998683744,-44.6025829055275,-16.1564945790108,-44.548241294227,-34.6999218905546,-103.253815687,-6.90301946242903
293,-117.309267139547,-120.309267139547,294,-131.428776652951,-44.6467200722875,-16.2006317457708,-44.592378460987,-34.7440590573146,-103.449806344,-2.14706968067685
294,-117.353254434484,-120.353254434484,295,-131.459450112724,-44.690707367225,-16.2446190407083,-44.6363657559245,-34.788046352252,-103.649611125,2.79328652337563
295,-117.397092871963,-120.397092871963,296,-131.490019770404,-44.7345458047038,-16.2884574781871,-44.6802041934033,-34.8318847897309,-103.853262976,7.92299083677676
296,-117.440783456084,-120.440783456084,297,-131.520486326176,-44.7782363888244,-16.3321480623076,-44.7238947775239,-34.8755753738514,-104.060794843,13.2470695299669
297,-117.484327180821,-120.484327180821,298,-131.550850473164,-44.8217801135616,-16.3756917870449,-44.7674385022611,-34.9191190985886,-104.272239672,18.7706342490535
298,-117.52772503016,-120.52772503016,299,-131.581112897527,-44.8651779629008,-16.419089636384,-44.8108363516003,-34.9625169479278,-104.487630409,24.4988828107571
